run_timestamp,symbol,start_date,end_date,strategy_return,buy_hold_return,max_drawdown,number_of_trades
2026-10-03T21:18:53,GOOGL,2024-01-01,2025-12-31,61.955303200000024,128.24418596095276,-31.55281440389377,6
2026-10-03T21:18:23,MU,2024-01-01,2025-12-31,139.716043,249.2453092446068,-50.37504479654922,4
2026-10-03T21:18:00,TSLA,2024-01-01,2025-12-31,-15.175174499999963,81.03212484320922,-52.42022889243313,8
2026-10-03T21:17:32,XOM,2024-01-01,2025-12-31,5.598982500000012,26.03776322385286,-14.458429642463392,4
2026-10-03T21:16:59,JPM,2024-01-01,2025-12-31,90.75747150000001,95.78007479029287,-23.666234968879788,2
2026-10-03T21:16:26,KO,2024-01-01,2025-12-31,3.3756032000000125,23.98987241197847,-16.52272309499821,6
2026-10-03T21:16:13,MSFT,2024-01-01,2025-12-31,11.917972999999998,32.34574782397564,-14.840710943788412,4
2026-10-03T21:11:26,SPY,2024-01-01,2025-12-31,24.646620800000033,47.84253486075668,-18.01307555871189,4
2026-10-03T21:10:10,AAPL,2024-01-01,2025-12-31,3.3105828000000477,47.827758144970986,-19.784031090276834,6
